event_id,zone,event_time,arrival_time,occupancy,queue_wait_minutes
OBS-FOOD-035,FOOD,2026-09-26T18:35:00Z,2026-09-26T18:40:00Z,232,14.25
OBS-FOOD-013,FOOD,2026-09-26T18:13:00Z,2026-09-26T18:17:00Z,117,5.56
OBS-HARBOR-015,HARBOR,2026-09-26T18:15:00Z,2026-09-26T18:20:00Z,183,4.32
OBS-MAIN-008,MAIN,2026-09-26T18:08:00Z,2026-09-26T18:08:00Z,784,4.01
OBS-HARBOR-003,HARBOR,2026-09-26T18:03:00Z,2026-09-26T18:08:00Z,207,5.66
OBS-FOOD-007,FOOD,2026-09-26T18:07:00Z,2026-09-26T18:22:00Z,127,6.19
OBS-HARBOR-031,HARBOR,2026-09-26T18:31:00Z,2026-09-26T18:36:00Z,427,17.71
OBS-MAIN-037,MAIN,2026-09-26T18:37:00Z,2026-09-26T18:37:00Z,247,1.08
OBS-GROVE-016,GROVE,2026-09-26T18:16:00Z,2026-09-26T18:21:00Z,322,4.85
OBS-MAIN-073,MAIN,2026-09-26T19:13:00Z,2026-09-26T19:28:00Z,254,1.49
OBS-FOOD-064,FOOD,2026-09-26T19:04:00Z,2026-09-26T19:09:00Z,229,13.92
OBS-HARBOR-008,HARBOR,2026-09-26T18:08:00Z,2026-09-26T18:09:00Z,191,4.21
OBS-HARBOR-058,HARBOR,2026-09-26T18:58:00Z,2026-09-26T19:00:00Z,452,18.26
OBS-GROVE-009,GROVE,2026-09-26T18:09:00Z,2026-09-26T18:15:00Z,342,4.11
OBS-FOOD-065,FOOD,2026-09-26T19:05:00Z,2026-09-26T19:07:00Z,227,13.17
OBS-FOOD-021,FOOD,2026-09-26T18:21:00Z,2026-09-26T18:21:00Z,115,6.36
OBS-FOOD-030,FOOD,2026-09-26T18:30:00Z,2026-09-26T18:33:00Z,236,14.76
OBS-FOOD-011,FOOD,2026-09-26T18:11:00Z,2026-09-26T18:12:00Z,120,6.80
OBS-HARBOR-050,HARBOR,2026-09-26T18:50:00Z,2026-09-26T18:56:00Z,454,17.07
OBS-GROVE-035,GROVE,2026-09-26T18:35:00Z,2026-09-26T18:40:00Z,502,10.25
OBS-FOOD-016,FOOD,2026-09-26T18:16:00Z,2026-09-26T18:16:00Z,121,6.99
OBS-HARBOR-004,HARBOR,2026-09-26T18:04:00Z,2026-09-26T18:04:00Z,208,4.87
OBS-HARBOR-025,HARBOR,2026-09-26T18:25:00Z,2026-09-26T18:30:00Z,181,5.08
OBS-FOOD-015,FOOD,2026-09-26T18:15:00Z,2026-09-26T18:18:00Z,128,5.43
OBS-FOOD-073,FOOD,2026-09-26T19:13:00Z,2026-09-26T19:28:00Z,232,13.47
OBS-GROVE-004,GROVE,2026-09-26T18:04:00Z,2026-09-26T18:09:00Z,331,4.57
OBS-HARBOR-066,HARBOR,2026-09-26T19:06:00Z,2026-09-26T19:06:00Z,431,18.18
OBS-GROVE-044,GROVE,2026-09-26T18:44:00Z,2026-09-26T18:45:00Z,529,10.59
OBS-GROVE-022,GROVE,2026-09-26T18:22:00Z,2026-09-26T18:25:00Z,304,5.90
OBS-MAIN-002,MAIN,2026-09-26T18:02:00Z,2026-09-26T18:06:00Z,769,3.77
OBS-GROVE-006,GROVE,2026-09-26T18:06:00Z,2026-09-26T18:21:00Z,338,4.44
OBS-MAIN-040,MAIN,2026-09-26T18:40:00Z,2026-09-26T18:55:00Z,264,1.84
OBS-FOOD-006,FOOD,2026-09-26T18:06:00Z,2026-09-26T18:10:00Z,128,5.30
OBS-FOOD-071,FOOD,2026-09-26T19:11:00Z,2026-09-26T19:13:00Z,229,14.69
OBS-GROVE-050,GROVE,2026-09-26T18:50:00Z,2026-09-26T19:05:00Z,514,10.69
OBS-FOOD-025,FOOD,2026-09-26T18:25:00Z,2026-09-26T18:31:00Z,121,5.53
OBS-MAIN-055,MAIN,2026-09-26T18:55:00Z,2026-09-26T18:59:00Z,271,1.41
OBS-FOOD-055,FOOD,2026-09-26T18:55:00Z,2026-09-26T18:56:00Z,231,14.80
OBS-HARBOR-056,HARBOR,2026-09-26T18:56:00Z,2026-09-26T18:58:00Z,430,17.74
OBS-GROVE-054,GROVE,2026-09-26T18:54:00Z,2026-09-26T18:58:00Z,508,9.69
OBS-MAIN-016,MAIN,2026-09-26T18:16:00Z,2026-09-26T18:18:00Z,735,3.89
OBS-GROVE-031,GROVE,2026-09-26T18:31:00Z,2026-09-26T18:33:00Z,523,9.01
OBS-GROVE-068,GROVE,2026-09-26T19:08:00Z,2026-09-26T19:10:00Z,491,9.99
OBS-GROVE-028,GROVE,2026-09-26T18:28:00Z,2026-09-26T18:43:00Z,341,5.34
OBS-GROVE-072,GROVE,2026-09-26T19:12:00Z,2026-09-26T19:27:00Z,511,9.13
OBS-HARBOR-047,HARBOR,2026-09-26T18:47:00Z,2026-09-26T18:52:00Z,438,18.09
OBS-FOOD-017,FOOD,2026-09-26T18:17:00Z,2026-09-26T18:19:00Z,121,5.34
OBS-GROVE-020,GROVE,2026-09-26T18:20:00Z,2026-09-26T18:26:00Z,312,5.76
OBS-GROVE-056,GROVE,2026-09-26T18:56:00Z,2026-09-26T18:56:00Z,495,10.86
OBS-GROVE-073,GROVE,2026-09-26T19:13:00Z,2026-09-26T19:18:00Z,492,10.38
OBS-HARBOR-041,HARBOR,2026-09-26T18:41:00Z,2026-09-26T18:44:00Z,454,17.52
OBS-MAIN-039,MAIN,2026-09-26T18:39:00Z,2026-09-26T18:42:00Z,246,1.57
OBS-FOOD-000,FOOD,2026-09-26T18:00:00Z,2026-09-26T18:03:00Z,126,5.49
OBS-HARBOR-007,HARBOR,2026-09-26T18:07:00Z,2026-09-26T18:07:00Z,192,4.02
OBS-GROVE-033,GROVE,2026-09-26T18:33:00Z,2026-09-26T18:39:00Z,506,9.71
OBS-FOOD-061,FOOD,2026-09-26T19:01:00Z,2026-09-26T19:01:00Z,226,14.89
OBS-MAIN-047,MAIN,2026-09-26T18:47:00Z,2026-09-26T18:48:00Z,242,2.70
OBS-GROVE-000,GROVE,2026-09-26T18:00:00Z,2026-09-26T18:06:00Z,334,4.88
OBS-FOOD-051,FOOD,2026-09-26T18:51:00Z,2026-09-26T19:06:00Z,234,13.16
OBS-HARBOR-024,HARBOR,2026-09-26T18:24:00Z,2026-09-26T18:30:00Z,200,4.72
OBS-MAIN-010,MAIN,2026-09-26T18:10:00Z,2026-09-26T18:13:00Z,779,4.62
OBS-MAIN-033,MAIN,2026-09-26T18:33:00Z,2026-09-26T18:33:00Z,244,2.90
OBS-FOOD-028,FOOD,2026-09-26T18:28:00Z,2026-09-26T18:31:00Z,121,6.79
OBS-FOOD-033,FOOD,2026-09-26T18:33:00Z,2026-09-26T18:33:00Z,223,14.80
OBS-FOOD-034,FOOD,2026-09-26T18:34:00Z,2026-09-26T18:34:00Z,223,14.05
OBS-FOOD-003,FOOD,2026-09-26T18:03:00Z,2026-09-26T18:07:00Z,128,5.12
OBS-MAIN-051,MAIN,2026-09-26T18:51:00Z,2026-09-26T19:06:00Z,265,2.76
OBS-HARBOR-053,HARBOR,2026-09-26T18:53:00Z,2026-09-26T18:57:00Z,431,18.72
OBS-MAIN-009,MAIN,2026-09-26T18:09:00Z,2026-09-26T18:10:00Z,754,3.57
OBS-HARBOR-051,HARBOR,2026-09-26T18:51:00Z,2026-09-26T18:57:00Z,435,18.43
OBS-HARBOR-001,HARBOR,2026-09-26T18:01:00Z,2026-09-26T18:02:00Z,209,4.43
OBS-GROVE-037,GROVE,2026-09-26T18:37:00Z,2026-09-26T18:39:00Z,496,10.44
OBS-FOOD-057,FOOD,2026-09-26T18:57:00Z,2026-09-26T19:02:00Z,240,14.50
OBS-GROVE-071,GROVE,2026-09-26T19:11:00Z,2026-09-26T19:15:00Z,525,10.87
OBS-FOOD-009,FOOD,2026-09-26T18:09:00Z,2026-09-26T18:09:00Z,122,6.80
OBS-FOOD-040,FOOD,2026-09-26T18:40:00Z,2026-09-26T18:55:00Z,230,13.17
OBS-HARBOR-005,HARBOR,2026-09-26T18:05:00Z,2026-09-26T18:20:00Z,193,5.93
OBS-HARBOR-039,HARBOR,2026-09-26T18:39:00Z,2026-09-26T18:44:00Z,427,17.15
OBS-FOOD-067,FOOD,2026-09-26T19:07:00Z,2026-09-26T19:10:00Z,234,14.80
OBS-MAIN-056,MAIN,2026-09-26T18:56:00Z,2026-09-26T18:57:00Z,288,1.74
OBS-GROVE-011,GROVE,2026-09-26T18:11:00Z,2026-09-26T18:14:00Z,304,4.32
OBS-HARBOR-021,HARBOR,2026-09-26T18:21:00Z,2026-09-26T18:26:00Z,182,5.34
OBS-FOOD-052,FOOD,2026-09-26T18:52:00Z,2026-09-26T18:55:00Z,234,14.67
OBS-MAIN-021,MAIN,2026-09-26T18:21:00Z,2026-09-26T18:24:00Z,772,3.25
OBS-HARBOR-060,HARBOR,2026-09-26T19:00:00Z,2026-09-26T19:15:00Z,450,17.72
OBS-HARBOR-002,HARBOR,2026-09-26T18:02:00Z,2026-09-26T18:08:00Z,209,4.70
OBS-HARBOR-022,HARBOR,2026-09-26T18:22:00Z,2026-09-26T18:25:00Z,196,5.31
OBS-GROVE-065,GROVE,2026-09-26T19:05:00Z,2026-09-26T19:09:00Z,507,10.60
OBS-MAIN-022,MAIN,2026-09-26T18:22:00Z,2026-09-26T18:26:00Z,763,3.48
OBS-MAIN-058,MAIN,2026-09-26T18:58:00Z,2026-09-26T18:58:00Z,277,1.93
OBS-FOOD-001,FOOD,2026-09-26T18:01:00Z,2026-09-26T18:07:00Z,129,5.90
CONFLICT-1,MAIN,2026-09-26T18:00:00Z,2026-09-26T18:00:00Z,701,4.94
OBS-HARBOR-040,HARBOR,2026-09-26T18:40:00Z,2026-09-26T18:42:00Z,437,18.53
OBS-GROVE-052,GROVE,2026-09-26T18:52:00Z,2026-09-26T18:55:00Z,500,10.35
OBS-FOOD-053,FOOD,2026-09-26T18:53:00Z,2026-09-26T18:59:00Z,232,14.68
OBS-HARBOR-059,HARBOR,2026-09-26T18:59:00Z,2026-09-26T19:02:00Z,450,17.02
OBS-GROVE-001,GROVE,2026-09-26T18:01:00Z,2026-09-26T18:07:00Z,305,5.66
OBS-GROVE-057,GROVE,2026-09-26T18:57:00Z,2026-09-26T18:59:00Z,512,9.66
OBS-HARBOR-016,HARBOR,2026-09-26T18:16:00Z,2026-09-26T18:31:00Z,203,5.66
OBS-MAIN-004,MAIN,2026-09-26T18:04:00Z,2026-09-26T18:07:00Z,756,4.07
OBS-GROVE-000,GROVE,2026-09-26T18:00:00Z,2026-09-26T18:06:00Z,334,4.88
OBS-GROVE-013,GROVE,2026-09-26T18:13:00Z,2026-09-26T18:18:00Z,338,5.96
OBS-HARBOR-020,HARBOR,2026-09-26T18:20:00Z,2026-09-26T18:26:00Z,206,4.14
OBS-MAIN-072,MAIN,2026-09-26T19:12:00Z,2026-09-26T19:18:00Z,279,2.70
OBS-MAIN-025,MAIN,2026-09-26T18:25:00Z,2026-09-26T18:28:00Z,737,4.11
OBS-FOOD-039,FOOD,2026-09-26T18:39:00Z,2026-09-26T18:41:00Z,229,14.32
OBS-FOOD-054,FOOD,2026-09-26T18:54:00Z,2026-09-26T18:56:00Z,238,13.36
OBS-MAIN-035,MAIN,2026-09-26T18:35:00Z,2026-09-26T18:38:00Z,297,2.92
BAD-5,MAIN,2026-09-26T18:00:00Z,2026-09-26T17:00:00Z,765,4.94
OBS-GROVE-002,GROVE,2026-09-26T18:02:00Z,2026-09-26T18:07:00Z,342,5.31
OBS-MAIN-059,MAIN,2026-09-26T18:59:00Z,2026-09-26T19:04:00Z,266,1.57
OBS-FOOD-029,FOOD,2026-09-26T18:29:00Z,2026-09-26T18:44:00Z,115,6.04
OBS-FOOD-046,FOOD,2026-09-26T18:46:00Z,2026-09-26T18:52:00Z,227,14.80
OBS-GROVE-005,GROVE,2026-09-26T18:05:00Z,2026-09-26T18:08:00Z,339,5.64
OBS-MAIN-062,MAIN,2026-09-26T19:02:00Z,2026-09-26T19:17:00Z,288,2.09
OBS-MAIN-001,MAIN,2026-09-26T18:01:00Z,2026-09-26T18:05:00Z,780,4.60
OBS-HARBOR-035,HARBOR,2026-09-26T18:35:00Z,2026-09-26T18:35:00Z,441,17.59
OBS-HARBOR-064,HARBOR,2026-09-26T19:04:00Z,2026-09-26T19:04:00Z,425,17.36
OBS-HARBOR-014,HARBOR,2026-09-26T18:14:00Z,2026-09-26T18:19:00Z,194,5.94
OBS-FOOD-026,FOOD,2026-09-26T18:26:00Z,2026-09-26T18:29:00Z,122,6.61
OBS-MAIN-066,MAIN,2026-09-26T19:06:00Z,2026-09-26T19:06:00Z,285,2.99
OBS-HARBOR-010,HARBOR,2026-09-26T18:10:00Z,2026-09-26T18:13:00Z,192,5.74
OBS-MAIN-012,MAIN,2026-09-26T18:12:00Z,2026-09-26T18:18:00Z,749,4.12
OBS-MAIN-018,MAIN,2026-09-26T18:18:00Z,2026-09-26T18:33:00Z,765,3.29
OBS-MAIN-026,MAIN,2026-09-26T18:26:00Z,2026-09-26T18:29:00Z,733,3.81
OBS-MAIN-069,MAIN,2026-09-26T19:09:00Z,2026-09-26T19:13:00Z,290,2.62
OBS-GROVE-002,GROVE,2026-09-26T18:02:00Z,2026-09-26T18:07:00Z,342,5.31
OBS-FOOD-018,FOOD,2026-09-26T18:18:00Z,2026-09-26T18:33:00Z,126,6.74
OBS-HARBOR-002,HARBOR,2026-09-26T18:02:00Z,2026-09-26T18:08:00Z,209,4.70
OBS-MAIN-074,MAIN,2026-09-26T19:14:00Z,2026-09-26T19:15:00Z,300,1.21
OBS-FOOD-020,FOOD,2026-09-26T18:20:00Z,2026-09-26T18:26:00Z,121,5.94
OBS-GROVE-034,GROVE,2026-09-26T18:34:00Z,2026-09-26T18:37:00Z,520,9.57
OBS-GROVE-025,GROVE,2026-09-26T18:25:00Z,2026-09-26T18:27:00Z,311,5.12
OBS-MAIN-064,MAIN,2026-09-26T19:04:00Z,2026-09-26T19:10:00Z,264,2.74
OBS-GROVE-045,GROVE,2026-09-26T18:45:00Z,2026-09-26T18:47:00Z,496,9.99
OBS-MAIN-049,MAIN,2026-09-26T18:49:00Z,2026-09-26T18:49:00Z,267,1.07
OBS-HARBOR-070,HARBOR,2026-09-26T19:10:00Z,2026-09-26T19:16:00Z,426,18.00
BAD-2,MAIN,2026-09-26T18:00:00Z,2026-09-26T18:00:00Z,765,NaN
OBS-GROVE-010,GROVE,2026-09-26T18:10:00Z,2026-09-26T18:15:00Z,315,5.94
OBS-HARBOR-044,HARBOR,2026-09-26T18:44:00Z,2026-09-26T18:49:00Z,437,18.19
OBS-FOOD-037,FOOD,2026-09-26T18:37:00Z,2026-09-26T18:43:00Z,235,13.78
OBS-FOOD-050,FOOD,2026-09-26T18:50:00Z,2026-09-26T18:53:00Z,225,14.28
OBS-GROVE-040,GROVE,2026-09-26T18:40:00Z,2026-09-26T18:43:00Z,531,10.33
OBS-MAIN-024,MAIN,2026-09-26T18:24:00Z,2026-09-26T18:29:00Z,741,4.43
OBS-GROVE-018,GROVE,2026-09-26T18:18:00Z,2026-09-26T18:21:00Z,314,4.97
OBS-HARBOR-034,HARBOR,2026-09-26T18:34:00Z,2026-09-26T18:38:00Z,428,18.46
OBS-HARBOR-001,HARBOR,2026-09-26T18:01:00Z,2026-09-26T18:02:00Z,209,4.43
BAD-1,MAIN,2026-09-26T18:00:00Z,2026-09-26T18:00:00Z,-1,4.94
OBS-HARBOR-042,HARBOR,2026-09-26T18:42:00Z,2026-09-26T18:44:00Z,452,17.63
OBS-FOOD-002,FOOD,2026-09-26T18:02:00Z,2026-09-26T18:08:00Z,123,5.86
OBS-GROVE-058,GROVE,2026-09-26T18:58:00Z,2026-09-26T19:04:00Z,494,9.04
OBS-HARBOR-030,HARBOR,2026-09-26T18:30:00Z,2026-09-26T18:35:00Z,426,18.34
OBS-MAIN-013,MAIN,2026-09-26T18:13:00Z,2026-09-26T18:18:00Z,783,3.03
OBS-GROVE-021,GROVE,2026-09-26T18:21:00Z,2026-09-26T18:24:00Z,304,5.79
OBS-FOOD-058,FOOD,2026-09-26T18:58:00Z,2026-09-26T19:02:00Z,223,14.09
OBS-HARBOR-006,HARBOR,2026-09-26T18:06:00Z,2026-09-26T18:11:00Z,202,5.42
OBS-GROVE-059,GROVE,2026-09-26T18:59:00Z,2026-09-26T18:59:00Z,506,10.07
OBS-MAIN-052,MAIN,2026-09-26T18:52:00Z,2026-09-26T18:57:00Z,295,2.30
OBS-FOOD-059,FOOD,2026-09-26T18:59:00Z,2026-09-26T19:05:00Z,226,14.31
OBS-MAIN-041,MAIN,2026-09-26T18:41:00Z,2026-09-26T18:43:00Z,243,2.52
OBS-GROVE-026,GROVE,2026-09-26T18:26:00Z,2026-09-26T18:28:00Z,325,5.09
OBS-FOOD-070,FOOD,2026-09-26T19:10:00Z,2026-09-26T19:14:00Z,239,14.75
OBS-HARBOR-067,HARBOR,2026-09-26T19:07:00Z,2026-09-26T19:09:00Z,427,18.85
OBS-HARBOR-018,HARBOR,2026-09-26T18:18:00Z,2026-09-26T18:22:00Z,203,4.91
OBS-GROVE-003,GROVE,2026-09-26T18:03:00Z,2026-09-26T18:04:00Z,339,5.56
OBS-FOOD-074,FOOD,2026-09-26T19:14:00Z,2026-09-26T19:20:00Z,232,14.30
OBS-HARBOR-009,HARBOR,2026-09-26T18:09:00Z,2026-09-26T18:13:00Z,207,4.54
OBS-FOOD-004,FOOD,2026-09-26T18:04:00Z,2026-09-26T18:10:00Z,126,6.54
OBS-FOOD-019,FOOD,2026-09-26T18:19:00Z,2026-09-26T18:25:00Z,125,5.31
OBS-MAIN-006,MAIN,2026-09-26T18:06:00Z,2026-09-26T18:08:00Z,734,3.83
OBS-GROVE-060,GROVE,2026-09-26T19:00:00Z,2026-09-26T19:04:00Z,493,9.28
OBS-FOOD-032,FOOD,2026-09-26T18:32:00Z,2026-09-26T18:38:00Z,226,13.40
OBS-FOOD-044,FOOD,2026-09-26T18:44:00Z,2026-09-26T18:45:00Z,235,13.34
OBS-MAIN-045,MAIN,2026-09-26T18:45:00Z,2026-09-26T18:48:00Z,278,1.67
OBS-MAIN-067,MAIN,2026-09-26T19:07:00Z,2026-09-26T19:10:00Z,249,1.75
OBS-FOOD-049,FOOD,2026-09-26T18:49:00Z,2026-09-26T18:52:00Z,225,14.61
OBS-HARBOR-017,HARBOR,2026-09-26T18:17:00Z,2026-09-26T18:18:00Z,188,4.42
OBS-GROVE-041,GROVE,2026-09-26T18:41:00Z,2026-09-26T18:45:00Z,517,10.69
OBS-FOOD-002,FOOD,2026-09-26T18:02:00Z,2026-09-26T18:08:00Z,123,5.86
OBS-GROVE-007,GROVE,2026-09-26T18:07:00Z,2026-09-26T18:09:00Z,339,4.32
OBS-HARBOR-054,HARBOR,2026-09-26T18:54:00Z,2026-09-26T19:00:00Z,454,18.81
OBS-HARBOR-019,HARBOR,2026-09-26T18:19:00Z,2026-09-26T18:20:00Z,190,4.29
OBS-MAIN-070,MAIN,2026-09-26T19:10:00Z,2026-09-26T19:12:00Z,288,1.80
OBS-MAIN-050,MAIN,2026-09-26T18:50:00Z,2026-09-26T18:56:00Z,278,2.55
OBS-GROVE-008,GROVE,2026-09-26T18:08:00Z,2026-09-26T18:14:00Z,329,5.53
OBS-MAIN-003,MAIN,2026-09-26T18:03:00Z,2026-09-26T18:05:00Z,741,4.34
OBS-GROVE-064,GROVE,2026-09-26T19:04:00Z,2026-09-26T19:04:00Z,493,9.99
OBS-GROVE-038,GROVE,2026-09-26T18:38:00Z,2026-09-26T18:40:00Z,502,9.53
OBS-MAIN-017,MAIN,2026-09-26T18:17:00Z,2026-09-26T18:22:00Z,784,3.39
OBS-GROVE-062,GROVE,2026-09-26T19:02:00Z,2026-09-26T19:08:00Z,502,9.91
OBS-FOOD-068,FOOD,2026-09-26T19:08:00Z,2026-09-26T19:09:00Z,229,14.12
OBS-GROVE-032,GROVE,2026-09-26T18:32:00Z,2026-09-26T18:35:00Z,507,10.89
OBS-GROVE-015,GROVE,2026-09-26T18:15:00Z,2026-09-26T18:18:00Z,338,5.46
OBS-HARBOR-032,HARBOR,2026-09-26T18:32:00Z,2026-09-26T18:35:00Z,432,17.42
OBS-MAIN-048,MAIN,2026-09-26T18:48:00Z,2026-09-26T18:49:00Z,261,1.17
OBS-HARBOR-029,HARBOR,2026-09-26T18:29:00Z,2026-09-26T18:29:00Z,208,5.65
OBS-HARBOR-052,HARBOR,2026-09-26T18:52:00Z,2026-09-26T18:52:00Z,435,17.01
OBS-FOOD-001,FOOD,2026-09-26T18:01:00Z,2026-09-26T18:07:00Z,129,5.90
OBS-MAIN-057,MAIN,2026-09-26T18:57:00Z,2026-09-26T19:01:00Z,277,1.94
,MAIN,2026-09-26T18:00:00Z,2026-09-26T18:00:00Z,765,4.94
OBS-MAIN-002,MAIN,2026-09-26T18:02:00Z,2026-09-26T18:06:00Z,769,3.77
CONFLICT-1,MAIN,2026-09-26T18:00:00Z,2026-09-26T18:00:00Z,700,4.94
OBS-HARBOR-057,HARBOR,2026-09-26T18:57:00Z,2026-09-26T18:57:00Z,450,18.60
OBS-MAIN-000,MAIN,2026-09-26T18:00:00Z,2026-09-26T18:00:00Z,765,4.94
OBS-MAIN-027,MAIN,2026-09-26T18:27:00Z,2026-09-26T18:29:00Z,776,4.62
OBS-HARBOR-023,HARBOR,2026-09-26T18:23:00Z,2026-09-26T18:25:00Z,197,4.57
OBS-FOOD-066,FOOD,2026-09-26T19:06:00Z,2026-09-26T19:11:00Z,232,14.29
OBS-HARBOR-026,HARBOR,2026-09-26T18:26:00Z,2026-09-26T18:30:00Z,192,4.46
OBS-FOOD-022,FOOD,2026-09-26T18:22:00Z,2026-09-26T18:27:00Z,113,6.93
OBS-FOOD-000,FOOD,2026-09-26T18:00:00Z,2026-09-26T18:03:00Z,126,5.49
OBS-MAIN-068,MAIN,2026-09-26T19:08:00Z,2026-09-26T19:08:00Z,273,2.38
OBS-HARBOR-012,HARBOR,2026-09-26T18:12:00Z,2026-09-26T18:12:00Z,188,4.62
OBS-GROVE-030,GROVE,2026-09-26T18:30:00Z,2026-09-26T18:31:00Z,500,10.87
OBS-GROVE-066,GROVE,2026-09-26T19:06:00Z,2026-09-26T19:12:00Z,504,9.17
OBS-MAIN-031,MAIN,2026-09-26T18:31:00Z,2026-09-26T18:36:00Z,243,2.70
OBS-GROVE-049,GROVE,2026-09-26T18:49:00Z,2026-09-26T18:53:00Z,513,9.32
OBS-HARBOR-045,HARBOR,2026-09-26T18:45:00Z,2026-09-26T18:46:00Z,440,17.95
OBS-HARBOR-000,HARBOR,2026-09-26T18:00:00Z,2026-09-26T18:05:00Z,185,5.90
OBS-GROVE-061,GROVE,2026-09-26T19:01:00Z,2026-09-26T19:16:00Z,530,9.85
OBS-GROVE-029,GROVE,2026-09-26T18:29:00Z,2026-09-26T18:32:00Z,330,5.16
OBS-HARBOR-071,HARBOR,2026-09-26T19:11:00Z,2026-09-26T19:26:00Z,439,17.89
OBS-FOOD-005,FOOD,2026-09-26T18:05:00Z,2026-09-26T18:06:00Z,123,5.89
OBS-FOOD-060,FOOD,2026-09-26T19:00:00Z,2026-09-26T19:05:00Z,230,13.31
OBS-HARBOR-048,HARBOR,2026-09-26T18:48:00Z,2026-09-26T18:51:00Z,438,17.14
OBS-FOOD-062,FOOD,2026-09-26T19:02:00Z,2026-09-26T19:17:00Z,230,13.73
OBS-GROVE-047,GROVE,2026-09-26T18:47:00Z,2026-09-26T18:51:00Z,499,9.31
OBS-GROVE-074,GROVE,2026-09-26T19:14:00Z,2026-09-26T19:14:00Z,493,10.04
OBS-MAIN-028,MAIN,2026-09-26T18:28:00Z,2026-09-26T18:32:00Z,739,4.76
OBS-HARBOR-038,HARBOR,2026-09-26T18:38:00Z,2026-09-26T18:53:00Z,432,17.10
OBS-FOOD-012,FOOD,2026-09-26T18:12:00Z,2026-09-26T18:16:00Z,119,6.55
OBS-MAIN-063,MAIN,2026-09-26T19:03:00Z,2026-09-26T19:03:00Z,275,2.81
OBS-GROVE-042,GROVE,2026-09-26T18:42:00Z,2026-09-26T18:44:00Z,501,10.89
OBS-FOOD-041,FOOD,2026-09-26T18:41:00Z,2026-09-26T18:45:00Z,230,13.74
OBS-HARBOR-028,HARBOR,2026-09-26T18:28:00Z,2026-09-26T18:28:00Z,205,4.90
OBS-HARBOR-046,HARBOR,2026-09-26T18:46:00Z,2026-09-26T18:46:00Z,428,18.65
OBS-HARBOR-037,HARBOR,2026-09-26T18:37:00Z,2026-09-26T18:40:00Z,425,17.78
OBS-GROVE-001,GROVE,2026-09-26T18:01:00Z,2026-09-26T18:07:00Z,305,5.66
OBS-MAIN-014,MAIN,2026-09-26T18:14:00Z,2026-09-26T18:18:00Z,749,3.63
OBS-FOOD-045,FOOD,2026-09-26T18:45:00Z,2026-09-26T18:45:00Z,227,13.30
OBS-HARBOR-072,HARBOR,2026-09-26T19:12:00Z,2026-09-26T19:18:00Z,435,17.99
OBS-MAIN-065,MAIN,2026-09-26T19:05:00Z,2026-09-26T19:07:00Z,270,1.41
OBS-GROVE-036,GROVE,2026-09-26T18:36:00Z,2026-09-26T18:41:00Z,501,9.24
OBS-GROVE-055,GROVE,2026-09-26T18:55:00Z,2026-09-26T18:59:00Z,519,9.82
OBS-GROVE-046,GROVE,2026-09-26T18:46:00Z,2026-09-26T18:52:00Z,514,10.78
OBS-MAIN-029,MAIN,2026-09-26T18:29:00Z,2026-09-26T18:44:00Z,756,4.25
BAD-3,UNKNOWN,2026-09-26T18:00:00Z,2026-09-26T18:00:00Z,765,4.94
OBS-GROVE-070,GROVE,2026-09-26T19:10:00Z,2026-09-26T19:14:00Z,520,10.94
OBS-HARBOR-069,HARBOR,2026-09-26T19:09:00Z,2026-09-26T19:11:00Z,446,18.22
OBS-GROVE-014,GROVE,2026-09-26T18:14:00Z,2026-09-26T18:16:00Z,316,4.65
OBS-GROVE-043,GROVE,2026-09-26T18:43:00Z,2026-09-26T18:44:00Z,519,10.64
OBS-MAIN-011,MAIN,2026-09-26T18:11:00Z,2026-09-26T18:13:00Z,766,3.37
OBS-GROVE-048,GROVE,2026-09-26T18:48:00Z,2026-09-26T18:51:00Z,520,10.22
OBS-HARBOR-063,HARBOR,2026-09-26T19:03:00Z,2026-09-26T19:04:00Z,437,17.53
OBS-GROVE-024,GROVE,2026-09-26T18:24:00Z,2026-09-26T18:28:00Z,320,5.89
OBS-GROVE-023,GROVE,2026-09-26T18:23:00Z,2026-09-26T18:29:00Z,339,5.26
BAD-4,MAIN,bad-date,2026-09-26T18:00:00Z,765,4.94
OBS-MAIN-036,MAIN,2026-09-26T18:36:00Z,2026-09-26T18:36:00Z,241,2.93
OBS-MAIN-071,MAIN,2026-09-26T19:11:00Z,2026-09-26T19:12:00Z,269,2.39
OBS-HARBOR-000,HARBOR,2026-09-26T18:00:00Z,2026-09-26T18:05:00Z,185,5.90
OBS-MAIN-005,MAIN,2026-09-26T18:05:00Z,2026-09-26T18:09:00Z,782,4.71
OBS-MAIN-001,MAIN,2026-09-26T18:01:00Z,2026-09-26T18:05:00Z,780,4.60
OBS-MAIN-030,MAIN,2026-09-26T18:30:00Z,2026-09-26T18:35:00Z,298,2.50
OBS-HARBOR-036,HARBOR,2026-09-26T18:36:00Z,2026-09-26T18:39:00Z,437,17.77
OBS-MAIN-015,MAIN,2026-09-26T18:15:00Z,2026-09-26T18:19:00Z,780,3.40
OBS-MAIN-038,MAIN,2026-09-26T18:38:00Z,2026-09-26T18:42:00Z,249,2.92
OBS-HARBOR-073,HARBOR,2026-09-26T19:13:00Z,2026-09-26T19:14:00Z,453,17.31
OBS-MAIN-034,MAIN,2026-09-26T18:34:00Z,2026-09-26T18:37:00Z,267,1.94
OBS-FOOD-010,FOOD,2026-09-26T18:10:00Z,2026-09-26T18:13:00Z,115,5.46
OBS-FOOD-031,FOOD,2026-09-26T18:31:00Z,2026-09-26T18:35:00Z,237,14.46
OBS-FOOD-038,FOOD,2026-09-26T18:38:00Z,2026-09-26T18:43:00Z,224,14.42
OBS-GROVE-027,GROVE,2026-09-26T18:27:00Z,2026-09-26T18:30:00Z,313,4.35
OBS-MAIN-046,MAIN,2026-09-26T18:46:00Z,2026-09-26T18:47:00Z,256,2.30
OBS-FOOD-008,FOOD,2026-09-26T18:08:00Z,2026-09-26T18:09:00Z,121,5.84
OBS-MAIN-032,MAIN,2026-09-26T18:32:00Z,2026-09-26T18:32:00Z,272,2.96
OBS-FOOD-048,FOOD,2026-09-26T18:48:00Z,2026-09-26T18:53:00Z,228,13.36
OBS-HARBOR-027,HARBOR,2026-09-26T18:27:00Z,2026-09-26T18:42:00Z,188,5.88
OBS-FOOD-027,FOOD,2026-09-26T18:27:00Z,2026-09-26T18:27:00Z,118,6.75
OBS-GROVE-019,GROVE,2026-09-26T18:19:00Z,2026-09-26T18:23:00Z,327,5.67
OBS-FOOD-063,FOOD,2026-09-26T19:03:00Z,2026-09-26T19:07:00Z,238,13.41
OBS-MAIN-054,MAIN,2026-09-26T18:54:00Z,2026-09-26T18:56:00Z,258,1.82
OBS-MAIN-000,MAIN,2026-09-26T18:00:00Z,2026-09-26T18:00:00Z,765,4.94
OBS-MAIN-019,MAIN,2026-09-26T18:19:00Z,2026-09-26T18:19:00Z,785,3.73
OBS-FOOD-047,FOOD,2026-09-26T18:47:00Z,2026-09-26T18:53:00Z,234,14.08
OBS-FOOD-023,FOOD,2026-09-26T18:23:00Z,2026-09-26T18:26:00Z,119,5.51
OBS-GROVE-063,GROVE,2026-09-26T19:03:00Z,2026-09-26T19:09:00Z,512,10.11
OBS-MAIN-053,MAIN,2026-09-26T18:53:00Z,2026-09-26T18:54:00Z,248,2.45
OBS-GROVE-067,GROVE,2026-09-26T19:07:00Z,2026-09-26T19:11:00Z,492,9.53
OBS-HARBOR-055,HARBOR,2026-09-26T18:55:00Z,2026-09-26T19:01:00Z,447,17.18
OBS-FOOD-014,FOOD,2026-09-26T18:14:00Z,2026-09-26T18:19:00Z,114,6.37
OBS-MAIN-061,MAIN,2026-09-26T19:01:00Z,2026-09-26T19:07:00Z,293,1.08
OBS-FOOD-036,FOOD,2026-09-26T18:36:00Z,2026-09-26T18:40:00Z,227,14.89
OBS-GROVE-069,GROVE,2026-09-26T19:09:00Z,2026-09-26T19:12:00Z,507,9.82
OBS-FOOD-072,FOOD,2026-09-26T19:12:00Z,2026-09-26T19:17:00Z,233,13.27
OBS-FOOD-069,FOOD,2026-09-26T19:09:00Z,2026-09-26T19:12:00Z,232,15.00
OBS-GROVE-012,GROVE,2026-09-26T18:12:00Z,2026-09-26T18:13:00Z,338,4.25
OBS-GROVE-017,GROVE,2026-09-26T18:17:00Z,2026-09-26T18:32:00Z,323,5.35
OBS-HARBOR-065,HARBOR,2026-09-26T19:05:00Z,2026-09-26T19:08:00Z,441,18.98
OBS-MAIN-042,MAIN,2026-09-26T18:42:00Z,2026-09-26T18:47:00Z,296,2.78
OBS-MAIN-043,MAIN,2026-09-26T18:43:00Z,2026-09-26T18:45:00Z,243,1.06
OBS-MAIN-020,MAIN,2026-09-26T18:20:00Z,2026-09-26T18:26:00Z,736,3.27
OBS-GROVE-039,GROVE,2026-09-26T18:39:00Z,2026-09-26T18:54:00Z,505,10.51
OBS-HARBOR-061,HARBOR,2026-09-26T19:01:00Z,2026-09-26T19:03:00Z,444,18.52
OBS-HARBOR-049,HARBOR,2026-09-26T18:49:00Z,2026-09-26T19:04:00Z,444,18.18
OBS-HARBOR-011,HARBOR,2026-09-26T18:11:00Z,2026-09-26T18:16:00Z,182,5.13
OBS-GROVE-053,GROVE,2026-09-26T18:53:00Z,2026-09-26T18:55:00Z,524,10.96
OBS-FOOD-056,FOOD,2026-09-26T18:56:00Z,2026-09-26T19:00:00Z,234,13.93
OBS-MAIN-044,MAIN,2026-09-26T18:44:00Z,2026-09-26T18:50:00Z,289,2.42
OBS-HARBOR-068,HARBOR,2026-09-26T19:08:00Z,2026-09-26T19:11:00Z,446,17.43
OBS-HARBOR-043,HARBOR,2026-09-26T18:43:00Z,2026-09-26T18:47:00Z,453,18.46
OBS-HARBOR-074,HARBOR,2026-09-26T19:14:00Z,2026-09-26T19:18:00Z,454,17.34
OBS-MAIN-060,MAIN,2026-09-26T19:00:00Z,2026-09-26T19:04:00Z,276,2.81
OBS-FOOD-043,FOOD,2026-09-26T18:43:00Z,2026-09-26T18:48:00Z,231,13.89
OBS-HARBOR-013,HARBOR,2026-09-26T18:13:00Z,2026-09-26T18:19:00Z,205,5.69
OBS-MAIN-023,MAIN,2026-09-26T18:23:00Z,2026-09-26T18:25:00Z,742,4.01

